latimes.com/, general news, yes, yes, b47b636ac3fcb606572fe960f38b703f, hashing, get, api.rlcdn.com, requires_authentication
latimes.com/, general news, yes, yes, eba23eb9253d668bc24763ce39c4a3b51c5cdd8fd25b1c680cbd0cf2294e8039, hashing, get, api.rlcdn.com, requires_authentication
latimes.com/, general news, yes, yes, eba23eb9253d668bc24763ce39c4a3b51c5cdd8fd25b1c680cbd0cf2294e8039, hashing, post, analytics.tiktok.com, requires_authentication
latimes.com/, general news, yes, yes, eba23eb9253d668bc24763ce39c4a3b51c5cdd8fd25b1c680cbd0cf2294e8039, hashing, post, tr.snapchat.com, requires_authentication
latimes.com/, general news, yes, yes, eba23eb9253d668bc24763ce39c4a3b51c5cdd8fd25b1c680cbd0cf2294e8039, hashing, post, www.facebook.com, requires_authentication
latimes.com/, general news, yes, yes, eba23eb9253d668bc24763ce39c4a3b51c5cdd8fd25b1c680cbd0cf2294e8039, hashing, get, www.facebook.com, requires_authentication
latimes.com/, general news, yes, yes, b4607c2cd5ad9662de56c4605e5c1d165e949332, hashing, get, api.rlcdn.com, requires_authentication
latimes.com/, general news, yes, yes, 60201, hashing, post, api.permutive.com, requires_authentication
latimes.com/, general news, yes, yes, 782ac1c84b633ab135deeb24874829ff415172797b9deb034ed95365e4eb1e2a, hashing, post, www.facebook.com, requires_authentication
latimes.com/, general news, yes, yes, 782ac1c84b633ab135deeb24874829ff415172797b9deb034ed95365e4eb1e2a, hashing, get, www.facebook.com, requires_authentication
latimes.com/, general news, yes, yes, Evanston, hashing, post, api.permutive.com, requires_authentication
latimes.com/, general news, yes, yes, Illinois, hashing, post, api.permutive.com, requires_authentication
