rbc.ru/, general news, yes, yes, roger, hashing, get, wf.frontend.weborama.fr, requires_authentication
rbc.ru/, general news, yes, yes, roger, hashing, get, dx.frontend.weborama.com, requires_authentication
rbc.ru/, general news, yes, yes, roger, hashing, get, mc.yandex.com, requires_authentication
rbc.ru/, general news, yes, yes, nadal, hashing, get, wf.frontend.weborama.fr, requires_authentication
rbc.ru/, general news, yes, yes, nadal, hashing, get, dx.frontend.weborama.com, requires_authentication
rbc.ru/, general news, yes, yes, nadal, hashing, get, mc.yandex.com, requires_authentication
rbc.ru/, general news, yes, yes, rogernadal, hashing, get, wf.frontend.weborama.fr, requires_authentication
rbc.ru/, general news, yes, yes, rogernadal, hashing, get, dx.frontend.weborama.com, requires_authentication
rbc.ru/, general news, yes, yes, rogernadal, hashing, get, mc.yandex.com, requires_authentication
rbc.ru/, general news, yes, yes, rogernadal322, hashing, get, wf.frontend.weborama.fr, requires_authentication
rbc.ru/, general news, yes, yes, rogernadal322, hashing, get, dx.frontend.weborama.com, requires_authentication
rbc.ru/, general news, yes, yes, rogernadal322, hashing, get, mc.yandex.com, requires_authentication
