wired.com/, general news, yes, yes, roger, hashing, post, id.condenast.com, requires_authentication
wired.com/, general news, yes, yes, roger, hashing, get, id.condenast.com, requires_authentication
wired.com/, general news, yes, yes, nadal, hashing, post, id.condenast.com, requires_authentication
wired.com/, general news, yes, yes, nadal, hashing, get, id.condenast.com, requires_authentication
wired.com/, general news, yes, yes, rogernadal, hashing, post, id.condenast.com, requires_authentication
wired.com/, general news, yes, yes, rogernadal, hashing, get, id.condenast.com, requires_authentication
wired.com/, general news, yes, yes, rogernadal322, hashing, post, id.condenast.com, requires_authentication
wired.com/, general news, yes, yes, rogernadal322, hashing, get, id.condenast.com, requires_authentication
wired.com/, general news, yes, yes, b47b636ac3fcb606572fe960f38b703f, hashing, get, pippio.com, requires_authentication
wired.com/, general news, yes, yes, b47b636ac3fcb606572fe960f38b703f, hashing, get, ei.rlcdn.com, requires_authentication
wired.com/, general news, yes, yes, eba23eb9253d668bc24763ce39c4a3b51c5cdd8fd25b1c680cbd0cf2294e8039, hashing, get, pippio.com, requires_authentication
wired.com/, general news, yes, yes, eba23eb9253d668bc24763ce39c4a3b51c5cdd8fd25b1c680cbd0cf2294e8039, hashing, get, ei.rlcdn.com, requires_authentication
wired.com/, general news, yes, yes, b4607c2cd5ad9662de56c4605e5c1d165e949332, hashing, get, pippio.com, requires_authentication
wired.com/, general news, yes, yes, b4607c2cd5ad9662de56c4605e5c1d165e949332, hashing, get, ei.rlcdn.com, requires_authentication
wired.com/, general news, yes, yes, 60201, hashing, get, ads.everesttech.net, requires_authentication
wired.com/, general news, yes, yes, 60201, hashing, get, transparency.peer-39.com, requires_authentication
wired.com/, general news, yes, yes, 60201, hashing, get, vae-bid.adsrvr.org, requires_authentication
wired.com/, general news, yes, yes, 60201, hashing, get, ad.doubleclick.net, requires_authentication
wired.com/, general news, yes, yes, 60201, hashing, get, bs.serving-sys.com, requires_authentication
wired.com/, general news, yes, yes, 60201, hashing, get, va6-bid.adsrvr.org, requires_authentication
wired.com/, general news, yes, yes, NjAyMD, hashing, get, exch.quantserve.com, requires_authentication
wired.com/, general news, yes, yes, NjAyMD, hashing, get, ad.doubleclick.net, requires_authentication
wired.com/, general news, yes, yes, NjAyMD, hashing, get, ads.everesttech.net, requires_authentication
wired.com/, general news, yes, yes, NjAyMD, hashing, get, cdn.doubleverify.com, requires_authentication
wired.com/, general news, yes, yes, NjAyMD, hashing, get, tps.doubleverify.com, requires_authentication
wired.com/, general news, yes, yes, NjAyMD, hashing, get, insight.adsrvr.org, requires_authentication
