first_party,first_party
hindustantimes.com,15
aaa.com,12
polygon.com,12
wired.com,11
cnbc.com,9
chewy.com,8
gamer.com.tw,8
latimes.com,8
marriott.com,8
viki.com,8
telegraph.co.uk,8
nbcnews.com,8
usatoday.com,7
iherb.com,7
thesun.co.uk,7
economist.com,7
dailymail.co.uk,7
redbubble.com,6
reuters.com,6
pbs.org,6
mountain.com,6
samsclub.com,6
thewrap.com,6
macys.com,6
zazzle.com,6
bloomberg.com,6
usnews.com,5
tripadvisor.com,5
arlo.com,5
sephora.com,5
repubblica.it,5
overstock.com,5
nymag.com,5
mirror.co.uk,5
bizjournals.com,5
kohls.com,5
indianexpress.com,5
huffpost.com,5
cbc.ca,5
corriere.it,5
fubo.tv,4
independent.co.uk,4
ihg.com,4
newsweek.com,4
elpais.com,4
nypost.com,4
hotels.com,4
rbc.ru,4
scmp.com,4
spiegel.de,4
travelandleisure.com,4
udn.com,4
booking.com,4
farfetch.com,4
viator.com,4
wsj.com,4
forbes.com,4
warthunder.com,4
foxnews.com,4
wayfair.com,4
airbnb.com,3
zappos.com,3
lefigaro.fr,3
mercadolibre.com.mx,3
cbsnews.com,3
accor.com,3
washingtonpost.com,3
bestbuy.com,3
walgreens.com,3
carrentals.com,3
theglobeandmail.com,3
allmusic.com,3
costco.com,3
travelocity.com,3
aliexpress.com,3
news.com.au,3
hltv.org,3
etsy.com,3
indiatimes.com,3
huijiwiki.com,3
expedia.com,3
homedepot.com,3
formula1.com,3
hilton.com,3
hm.com,3
shein.com,2
smh.com.au,2
skyscanner.net,2
skroutz.gr,2
infobae.com,2
chicagotribune.com,2
instacart.com,2
sportskeeda.com,2
realsimple.com,2
pvp.net,2
priceline.com,2
barnesandnoble.com,2
theatlantic.com,2
target.com,2
delta.com,2
bbc.com,2
theculturetrip.com,2
theguardian.com,2
giphy.com,2
getyourguide.com,2
time.com,2
gamespot.com,2
ft.com,2
fourseasons.com,2
vnexpress.net,2
express.co.uk,2
worldoftanks.com,2
wyndhamhotels.com,2
poshmark.com,2
cnn.com,2
livescore.com,2
jeuxvideo.com,2
bhphotovideo.com,2
nexusmods.com,2
bild.de,2
houzz.com,2
businesswire.com,2
marca.com,2
npr.org,2
noon.com,2
bethesda.net,2
cdbaby.com,1
bookdepository.com,1
ubisoft.com,1
hotwire.com,1
trip.com,1
cbssports.com,1
gamewith.jp,1
marvel.com,1
abc.net.au,1
agoda.com,1
liquipedia.net,1
hypebeast.com,1
lenta.ru,1
vrbo.com,1
lemonde.fr,1
flipboard.com,1
fifa.com,1
blizzard.com,1
lazada.sg,1
crazygames.com,1
eurogamer.net,1
kayak.com,1
mercadolibre.com,1
theathletic.com,1
comedycentral.com,1
nhl.com,1
callofduty.com,1
ostrovok.ru,1
rakuten.com,1
nytimes.com,1
redbull.com,1
refinery29.com,1
rei.com,1
audible.com,1
asos.com,1
sbnation,1
nicovideo.jp,1
nexon.com,1
thebyrut.org,1
hyatt.com,1
sofascore.com,1
newgrounds.com,1
sport.es,1
sports.ru,1
starwars.com,1
nap.edu,1
teacherspayteachers.com,1
techspot.com,1
mundodeportivo.com,1
premierleague.com,1
chron.com,1
